/30-day-countdown-to-the-2013-hurricane-season-begins-may-2/	/do-you-need-flood-insurance/
/aaron-farmers-flood-insurance-interview-with-a-m-best/	/aaron-farmer/
/assess-private-flood-insurance/	/comparing-the-admitted-vs-non-admitted-insurance-markets/
/calflood-newstalk-kbkw-discussing-flood-insurance/	/aaron-farmer/
/changes-coming-fema-new-flood-bill/	/how-much-does-flood-insurance-cost/
/congress-national-flood-insurance-program/	/how-much-does-flood-insurance-cost/
/couple-hit-with-44000-flood-insurance-premium/	/how-much-does-flood-insurance-cost/
/dont-roll-the-dice-on-flood-insurance/	/comparing-the-admitted-vs-non-admitted-insurance-markets/
/excess-flood-insurance-commonplae-lenders/	/comparing-the-admitted-vs-non-admitted-insurance-markets/
/extending-national-flood-insurance-program-choppy-waters/	/how-much-does-flood-insurance-cost/
/fema-head-says-flood-insurance-rates-going-up/	/how-much-does-flood-insurance-cost/
/flash-flooding-problems-homeowners-businesses/	/do-you-need-flood-insurance/
/flood-insurance-carrier-ratings/	/comparing-the-admitted-vs-non-admitted-insurance-markets/
/flood-insurance-coverage/	/what-does-flood-insurance-not-cover/
/flood-insurance-mandatory-flood-zones/	/which-flood-zone-requires-flood-insurance/
/flood-zone-map/	/which-flood-zone-requires-flood-insurance/
/flood-zone-x-what-does-it-mean/	/which-flood-zone-requires-flood-insurance/
/how-much-flood-coverage-do-i-need/	/what-does-flood-insurance-not-cover/
/mastering-bfe-basics-base-flood-elevation-explained/	/which-flood-zone-requires-flood-insurance/
/measure-your-damage-with-this-interactive-tool/	/which-flood-zone-requires-flood-insurance/
/private-flood-insurance-vs-fema/	/comparing-the-admitted-vs-non-admitted-insurance-markets/
/sandy-flood-vicitms/	/do-you-need-flood-insurance/
/should-have-purchased-flood-insurance/	/what-does-flood-insurance-not-cover/
/thousands-recommended-flood-insurance-sacramento/	/sacramento-flood-insurance/
/valet-parking-flood-zone/	/do-you-need-flood-insurance/
/wait-we-didnt-have-flood-insurance/	/what-does-flood-insurance-not-cover/
/what-is-the-mortgage-clause/	/what-does-flood-insurance-not-cover/
/why-are-you-paying-for-everyones-flood-insurance/	/how-much-does-flood-insurance-cost/
/why-more-homeowners-should-buy-flood-insurance/	/do-you-need-flood-insurance/
