type,id,slug,url,title,title_len,desc,desc_len,canonical,robots,h1,words
pages,242703,aaron-farmer,https://californiafloodinsurance.com/aaron-farmer/,"Aaron Farmer | California Flood Insurance Specialist, Lloyd's MGA",65,"Meet Aaron Farmer — President of California Flood Insurance, a licensed flood specialist and Lloyd's of London coverholder who has helped 40,000+ Californians and homeowners nationwide.",185,https://californiafloodinsurance.com/aaron-farmer/,max-image-preview:large,Aaron Farmer,553
pages,242346,agent-appointment,https://californiafloodinsurance.com/agent-appointment/,Agent Appointment - California Flood Insurance,46,,0,https://californiafloodinsurance.com/agent-appointment/,max-image-preview:large,Agent Appointment,13
pages,242782,areas-we-serve,https://californiafloodinsurance.com/areas-we-serve/,California Flood Insurance — Cities & Areas We Serve,52,"California Flood Insurance serves homeowners statewide. Find flood insurance guidance for San Diego, Los Angeles, Sacramento, San Jose and more California cities.",162,https://californiafloodinsurance.com/areas-we-serve/,max-image-preview:large,,467
pages,241860,california-flood-glossary,https://californiafloodinsurance.com/california-flood-glossary/,California Flood Glossary - California Flood Insurance,54,,0,https://californiafloodinsurance.com/california-flood-glossary/,max-image-preview:large,California Flood Glossary,1017
pages,242768,california-flood-insurance-quotes,https://californiafloodinsurance.com/california-flood-insurance-quotes/,California Flood Insurance Quotes: Compare & Save,49,"Get California flood insurance quotes the smart way. See what drives your rate, compare private vs NFIP, and let us shop multiple Lloyd's markets for you.",154,https://californiafloodinsurance.com/california-flood-insurance-quotes/,max-image-preview:large,,1471
pages,242773,cheap-flood-insurance-california,https://californiafloodinsurance.com/cheap-flood-insurance-california/,Cheap Flood Insurance California: Save the Smart Way,52,Want cheap flood insurance in California? See how private flood often beats NFIP pricing and how to lower premiums without cutting coverage. Get a quote today.,159,https://californiafloodinsurance.com/cheap-flood-insurance-california/,max-image-preview:large,,1314
pages,242366,claims,https://californiafloodinsurance.com/claims/,Claims - California Flood Insurance,35,,0,https://californiafloodinsurance.com/claims/,max-image-preview:large,Claims,11
pages,241592,commercial-flood-insurance,https://californiafloodinsurance.com/commercial-flood-insurance/,Commercial Flood Insurance in California | Beyond NFIP,54,Commercial flood insurance for California businesses: NFIP caps building and contents at $500k each. See how private and excess flood close coverage gaps.,154,https://californiafloodinsurance.com/commercial-flood-insurance/,max-image-preview:large,,1401
pages,241690,condo-owners-flood-renters-flood,https://californiafloodinsurance.com/condo-owners-flood-renters-flood/,Flood Insurance Policy for Condo Owners & Renters in California,63,"If you rent or own your condominium unit, it is a good idea to purchase Flood Insurance Policy for both building and contents coverage.",135,https://californiafloodinsurance.com/condo-owners-flood-renters-flood/,max-image-preview:large,Condo Owners Flood | Renters Flood,368
pages,241619,contact-us,https://californiafloodinsurance.com/contact-us/,Contact California Flood Insurance | 855-225-3566,49,"Contact California's flood insurance experts. Call 855-225-3566 or message us for fast quotes, policy service, and claims help across California.",145,https://californiafloodinsurance.com/contact-us/,max-image-preview:large,Contact Us,54
pages,241698,facts-about-floods,https://californiafloodinsurance.com/facts-about-floods/,Facts about floods - California Flood Insurance,47,,0,https://californiafloodinsurance.com/facts-about-floods/,max-image-preview:large,Facts about floods,486
pages,242025,faqs,https://californiafloodinsurance.com/faqs/,"What is private flood insurance, Policies, Rates | Read more FAQ's",66,"Read Most Asked Flood Insurance Questions. What is private flood insurance, rates, coverage, policies & more. Find complete details here.",137,https://californiafloodinsurance.com/faqs/,max-image-preview:large,California FAQs,3336
pages,242792,flood-insurance-rates,https://californiafloodinsurance.com/flood-insurance-rates/,California Flood Insurance Rates: 2026 Pricing Guide,52,"See California flood insurance rates by zone in 2026: the state average runs about $780/yr, plus what really drives your price. Rates vary — get a quote today.",159,https://californiafloodinsurance.com/flood-insurance-rates/,max-image-preview:large,,1422
pages,242794,flood-zone-a,https://californiafloodinsurance.com/flood-zone-a/,Flood Zone A: What It Means & Do You Need Insurance?,52,"Flood Zone A is a high-risk SFHA with no determined Base Flood Elevation. Learn what flood zone A means, why insurance is mandatory, and how to get a CA quote.",159,https://californiafloodinsurance.com/flood-zone-a/,max-image-preview:large,,1418
pages,242793,flood-zone-ae,https://californiafloodinsurance.com/flood-zone-ae/,Flood Zone AE: What It Means & Insurance Rules | CA,51,"Flood Zone AE is a high-risk FEMA zone with a Base Flood Elevation. Learn what it means, why insurance is mandatory in California, and how to get a quote.",154,https://californiafloodinsurance.com/flood-zone-ae/,max-image-preview:large,,1517
pages,242795,flood-zone-ah-and-ao,https://californiafloodinsurance.com/flood-zone-ah-and-ao/,Flood Zone AH & AO Explained | Shallow Flooding (CA),52,"Flood zone AH means shallow ponding with a BFE; zone AO means sheet-flow flooding. Both are high-risk SFHAs in California. See coverage, cost & quote options.",158,https://californiafloodinsurance.com/flood-zone-ah-and-ao/,max-image-preview:large,,1520
pages,242796,flood-zone-v-and-ve,https://californiafloodinsurance.com/flood-zone-v-and-ve/,Flood Zone VE & V: Coastal High-Risk Flood Insurance,52,"Flood zone VE and V are California's highest-risk coastal zones with wave and surge hazard. Learn why rates run high, what BFE means, and how to get a quote.",157,https://californiafloodinsurance.com/flood-zone-v-and-ve/,max-image-preview:large,,1370
pages,242779,fresno-flood-insurance,https://californiafloodinsurance.com/fresno-flood-insurance/,Fresno Flood Insurance | Private & NFIP Quotes,46,"Fresno flood insurance from a licensed CA specialist. Compare private vs. NFIP coverage for Kings River, San Joaquin and foothill-stream risk. Get a quote.",155,https://californiafloodinsurance.com/fresno-flood-insurance/,max-image-preview:large,,1597
pages,241669,get-a-quote,https://californiafloodinsurance.com/get-a-quote/,Instant Flood Insurance Quote in California | Commercial & Residential,70,Save up 30% to 50% on flood insurance now! Get an Instant Flood Insurance Quote Online for Commercial & Residential in California.,130,https://californiafloodinsurance.com/get-a-quote/,max-image-preview:large,Submit Online Quote!,33
pages,2,home,https://californiafloodinsurance.com/,California Flood Insurance: Save 30–50% on Flood Quotes,55,California's flood insurance experts. Compare the lowest private & NFIP flood insurance rates from top carriers and get an instant quote in 2 minutes.,150,https://californiafloodinsurance.com/,max-image-preview:large,The Flood Insurance Experts,285
pages,241684,homeownwers-association-flood-insurance,https://californiafloodinsurance.com/homeownwers-association-flood-insurance/,Homeowners Association Flood Insurance - Condo's - HOA's,56,"As Flood Insurance experts in Homeowners Association Insurance, we also understand the need to have a master policy for floods. Contact us!",139,https://californiafloodinsurance.com/homeownwers-association-flood-insurance/,max-image-preview:large,Condo Homeownwers Association Flood Insurance,229
pages,242771,how-much-flood-insurance-do-i-need,https://californiafloodinsurance.com/how-much-flood-insurance-do-i-need/,How Much Flood Insurance Do I Need? | CA Guide,46,"How much flood insurance do I need? Learn replacement cost vs NFIP caps ($250k/$100k), contents coverage, and lender minimums for your California home.",151,https://californiafloodinsurance.com/how-much-flood-insurance-do-i-need/,max-image-preview:large,,1507
pages,241805,insights,https://californiafloodinsurance.com/insights/,Insights - California Flood Insurance,37,,0,https://californiafloodinsurance.com/insights/,max-image-preview:large,California Insights,372
pages,242778,long-beach-flood-insurance,https://californiafloodinsurance.com/long-beach-flood-insurance/,Long Beach Flood Insurance | Private & NFIP Quotes,50,"Long Beach flood insurance from a licensed CA specialist. Compare private vs. NFIP for LA River, San Gabriel River & Alamitos Bay homes. Get a fast quote.",154,https://californiafloodinsurance.com/long-beach-flood-insurance/,max-image-preview:large,,1666
pages,242775,los-angeles-flood-insurance,https://californiafloodinsurance.com/los-angeles-flood-insurance/,Los Angeles Flood Insurance | Private & NFIP Quotes,51,Los Angeles flood insurance from a licensed CA agency. Compare private vs. NFIP across multiple Lloyd's markets for burn-scar & coastal homes. Free quote.,154,https://californiafloodinsurance.com/los-angeles-flood-insurance/,max-image-preview:large,,1653
pages,242167,media,https://californiafloodinsurance.com/media/,Media - California Flood Insurance,34,,0,https://californiafloodinsurance.com/media/,max-image-preview:large,Media,61
pages,3,privacy-policy,https://californiafloodinsurance.com/privacy-policy/,Privacy Policy - California Flood Insurance,43,,0,https://californiafloodinsurance.com/privacy-policy/,max-image-preview:large,PRIVACY POLICY,944
pages,241556,residential,https://californiafloodinsurance.com/residential/,Residential Flood Insurance California | Instant Quote,54,Get an instant online residential flood insurance quote for your California home. Compare private & NFIP rates from multiple carriers in minutes.,145,https://californiafloodinsurance.com/residential/,max-image-preview:large,Residential Flood Insurance,332
pages,241600,resources,https://californiafloodinsurance.com/resources/,Flood Insurance Resources & Guides | California Flood Insurance,63,"Free California flood insurance guides: costs, rates, flood zones, coverage requirements, and city-by-city help. Everything you need to make a smart decision.",158,https://californiafloodinsurance.com/resources/,max-image-preview:large,,251
pages,242781,riverside-flood-insurance,https://californiafloodinsurance.com/riverside-flood-insurance/,Riverside Flood Insurance | Private & NFIP Quotes,49,Get Riverside flood insurance built for Santa Ana River and arroyo risk. Compare private Lloyd's of London coverage vs. NFIP for better limits and rates.,153,https://californiafloodinsurance.com/riverside-flood-insurance/,max-image-preview:large,,1540
pages,242776,sacramento-flood-insurance,https://californiafloodinsurance.com/sacramento-flood-insurance/,Sacramento Flood Insurance | Private & NFIP Quotes,50,Sacramento flood insurance from a licensed CA specialist. Compare private Lloyd's of London and NFIP coverage for two-river flood risk. Get a quote today.,154,https://californiafloodinsurance.com/sacramento-flood-insurance/,max-image-preview:large,,1727
pages,242774,san-diego-flood-insurance,https://californiafloodinsurance.com/san-diego-flood-insurance/,San Diego Flood Insurance | Private & NFIP Quotes,49,"San Diego flood insurance from a licensed CA specialist. Compare private vs. NFIP coverage for Mission Valley, Southcrest, OB & coastal homes. Get a fast quote.",160,https://californiafloodinsurance.com/san-diego-flood-insurance/,max-image-preview:large,,1565
pages,242777,san-jose-flood-insurance,https://californiafloodinsurance.com/san-jose-flood-insurance/,San Jose Flood Insurance | Private & NFIP Quotes,48,San Jose flood insurance from a licensed CA specialist. Compare private vs. NFIP coverage for Coyote Creek & Guadalupe River homes. Get your quote today.,153,https://californiafloodinsurance.com/san-jose-flood-insurance/,max-image-preview:large,,1700
pages,241642,service-center,https://californiafloodinsurance.com/service-center/,Service Center - California Flood Insurance,43,,0,https://californiafloodinsurance.com/service-center/,max-image-preview:large,Service Center,13
pages,242228,staff-form,https://californiafloodinsurance.com/staff-form/,Staff Form - California Flood Insurance,39,,0,https://californiafloodinsurance.com/staff-form/,max-image-preview:large,Staff Form,13
pages,242780,stockton-flood-insurance,https://californiafloodinsurance.com/stockton-flood-insurance/,Stockton Flood Insurance | Private & NFIP Quotes,48,Stockton flood insurance from a licensed CA specialist. Compare private Lloyd's of London and NFIP coverage for Delta-levee and river homes. Quote in minutes.,158,https://californiafloodinsurance.com/stockton-flood-insurance/,max-image-preview:large,,1500
pages,242453,terms-of-service,https://californiafloodinsurance.com/terms-of-service/,Terms Of Service - California Flood Insurance,45,,0,https://californiafloodinsurance.com/terms-of-service/,max-image-preview:large,TERMS OF SERVICE,5595
pages,242326,video,https://californiafloodinsurance.com/video/,Video - California Flood Insurance,34,,0,https://californiafloodinsurance.com/video/,max-image-preview:large,Video,11
posts,323,30-day-countdown-to-the-2013-hurricane-season-begins-may-2,https://californiafloodinsurance.com/30-day-countdown-to-the-2013-hurricane-season-begins-may-2/,30-day Countdown to the 2013 Hurricane Season Begins May 2 - California Flood Insurance,87,"30 day countdown to Hurricane Season, make sure you have your flood insurance before its too late",97,https://californiafloodinsurance.com/30-day-countdown-to-the-2013-hurricane-season-begins-may-2/,max-image-preview:large,30-day Countdown to the 2013 Hurricane Season Begins May 2,82
posts,599,assess-private-flood-insurance,https://californiafloodinsurance.com/assess-private-flood-insurance/,How to assess Private Flood Insurance - California Flood Insurance,66,We have multiple private carriers to provide you with the best policy and lowest costs! New York Times: How to assess private flood insurance,141,https://californiafloodinsurance.com/assess-private-flood-insurance/,max-image-preview:large,How to assess Private Flood Insurance,53
posts,412,calflood-newstalk-kbkw-discussing-flood-insurance,https://californiafloodinsurance.com/calflood-newstalk-kbkw-discussing-flood-insurance/,CalFlood Discusses Saving People Money on Flood Insurance KBKW 94.7,67,CalFlood Discusses Saving People Money on Flood Insurance on Newstalk Radio KBKW 94.7 FM,88,https://californiafloodinsurance.com/calflood-newstalk-kbkw-discussing-flood-insurance/,max-image-preview:large,CalFlood on Newstalk KBKW Discussing Flood Insurance,137
posts,444,california-flood-preparedness-week-starts-now,https://californiafloodinsurance.com/california-flood-preparedness-week-starts-now/,California Flood Preparedness Week Starts Now! - California Flood Insurance,75,,0,https://californiafloodinsurance.com/california-flood-preparedness-week-starts-now/,max-image-preview:large,California Flood Preparedness Week Starts Now!,282
posts,242594,can-flood-insurance-be-sold-anywhere,https://californiafloodinsurance.com/can-flood-insurance-be-sold-anywhere/,Can Flood Insurance Be Sold Anywhere? - California Flood Insurance,66,,0,https://californiafloodinsurance.com/can-flood-insurance-be-sold-anywhere/,max-image-preview:large,Can Flood Insurance Be Sold Anywhere?,323
posts,242600,can-flood-insurance-drop-you,https://californiafloodinsurance.com/can-flood-insurance-drop-you/,Can Flood Insurance Drop You? CA Non-Renewal Guide,50,Can flood insurance drop you? Yes—private carriers often non-renew after a claim. Learn why the NFIP is your backstop and how to keep coverage in California.,157,https://californiafloodinsurance.com/can-flood-insurance-drop-you/,max-image-preview:large,Can Flood Insurance Drop You?,1422
posts,621,changes-coming-fema-new-flood-bill,https://californiafloodinsurance.com/changes-coming-fema-new-flood-bill/,Changes coming to FEMA with new flood bill - California Flood Insurance,71,See the latest on the flood bill as it gains bipartisan support http://www.rollcall.com/news/policy/gop-leaders-flood-insurance-bill-see-bipartisan-measure,155,https://californiafloodinsurance.com/changes-coming-fema-new-flood-bill/,max-image-preview:large,Changes coming to FEMA with new flood bill,45
posts,242307,comparing-the-admitted-vs-non-admitted-insurance-markets,https://californiafloodinsurance.com/comparing-the-admitted-vs-non-admitted-insurance-markets/,Admitted vs Non-Admitted Insurance: A CA Guide,46,Admitted vs non-admitted insurance explained for California homeowners — why reputable Lloyd's of London surplus-lines markets write most private flood.,152,https://californiafloodinsurance.com/comparing-the-admitted-vs-non-admitted-insurance-markets/,max-image-preview:large,Admitted vs. Non-Admitted Insurance: What California Homeowners Need to Know,1698
posts,227,congress-national-flood-insurance-program,https://californiafloodinsurance.com/congress-national-flood-insurance-program/,Congress and the National Flood Insurance Program - California Flood Insurance,78,"Congress has until the 31st of May to approve the NFIP, or national flood insurance program. In California we have private flood carriers that are less than 40% of the government program. Another reason to call us for all your flood insurance needs. Read the story here. http://www.usnews.com/opinion/blogs/economic-intelligence/2012/05/09/congress-should-reauthorize-reform-national-flood-insurance-program?msg=1",413,https://californiafloodinsurance.com/congress-national-flood-insurance-program/,max-image-preview:large,Congress and the National Flood Insurance Program,78
posts,382,couple-hit-with-44000-flood-insurance-premium,https://californiafloodinsurance.com/couple-hit-with-44000-flood-insurance-premium/,"Couple Hit with $44,000 Flood Insurance Premium - California Flood Insurance",76,"Couple Hit with $44,000 Flood Insurance Premium - Can you imagine buying your dream vacation home and having your flood insurance premium go from $4,300 per year to over $44,000 a year!? Read the following article.. too bad they did not call the experts at www.californiafloodinsurance.com",289,https://californiafloodinsurance.com/couple-hit-with-44000-flood-insurance-premium/,max-image-preview:large,"Couple Hit with $44,000 Flood Insurance Premium",76
posts,127,do-i-need-flood-insurance-coverage,https://californiafloodinsurance.com/do-i-need-flood-insurance-coverage/,Do I Need Flood Insurance Coverage - California Flood Insurance,63,"Even if your home has not flooded in the recent years, it does not mean there are no chances of inundation in the future. Too much rain even from an average storm can cause localized flooding. And you do not have to be located near a body of water to risk flooding. The Federal Emergency",287,https://californiafloodinsurance.com/do-i-need-flood-insurance-coverage/,max-image-preview:large,Do I Need Flood Insurance Coverage,593
posts,402,do-you-need-flood-insurance,https://californiafloodinsurance.com/do-you-need-flood-insurance/,Do You Need Flood Insurance in California? (2026),49,"Do you need flood insurance in California? Learn when it's required, why your homeowners policy won't pay, and the CA risks that put low-risk homes at risk too.",160,https://californiafloodinsurance.com/do-you-need-flood-insurance/,max-image-preview:large,Do You Need Flood Insurance in California?,1474
posts,545,dont-roll-the-dice-on-flood-insurance,https://californiafloodinsurance.com/dont-roll-the-dice-on-flood-insurance/,Don’t Roll The Dice on Flood Insurance - California Flood Insurance,67,,0,https://californiafloodinsurance.com/dont-roll-the-dice-on-flood-insurance/,max-image-preview:large,Don’t Roll The Dice on Flood Insurance,61
posts,213,excess-flood-insurance-commonplae-lenders,https://californiafloodinsurance.com/excess-flood-insurance-commonplae-lenders/,Excess Flood Insurance becoming more commonplae for Lenders - California Flood Insurance,88,"We are receiving more and more requests for excess flood insurance coverage. Unfortunately homeowners and business owners are not concerned with having more coverage but more and more lenders are requiring the coverage as a condition for funding new loans. Citibank, Chase and even Fannie Mae are requiring excess coverage. Excess coverage is additional coverage",362,https://californiafloodinsurance.com/excess-flood-insurance-commonplae-lenders/,max-image-preview:large,Excess Flood Insurance becoming more commonplae for Lenders,136
posts,234,extending-national-flood-insurance-program-choppy-waters,https://californiafloodinsurance.com/extending-national-flood-insurance-program-choppy-waters/,Extending the National Flood Insurance Program in Choppy Waters - California Flood Insurance,92,Extending the National Flood Program in choppy waters Click here to view the article on FEMA Flood Insurance and the vote to keep it going for the next five years,162,https://californiafloodinsurance.com/extending-national-flood-insurance-program-choppy-waters/,max-image-preview:large,Extending the National Flood Insurance Program in Choppy Waters,64
posts,458,fema-annouces-higher-expected-rate-increase-effective-april-2015,https://californiafloodinsurance.com/fema-annouces-higher-expected-rate-increase-effective-april-2015/,FEMA annouces Higher than Expected Rate Increase effective April 2015 - California Flood Insurance,98,Rates are going up for FEMA flood customers in April,52,https://californiafloodinsurance.com/fema-annouces-higher-expected-rate-increase-effective-april-2015/,max-image-preview:large,FEMA annouces Higher than Expected Rate Increase effective April 2015,298
posts,298,fema-head-says-flood-insurance-rates-going-up,https://californiafloodinsurance.com/fema-head-says-flood-insurance-rates-going-up/,FEMA Head says Flood Insurance Rates Going Up - California Flood Insurance,74,Flood Insurance rates are going up for policy holders across the country,72,https://californiafloodinsurance.com/fema-head-says-flood-insurance-rates-going-up/,max-image-preview:large,FEMA Head says Flood Insurance Rates Going Up,95
posts,221,flash-flooding-problems-homeowners-businesses,https://californiafloodinsurance.com/flash-flooding-problems-homeowners-businesses/,Flash Flooding causes problems for homeowners and businesses - California Flood Insurance,89,http://www.wlbt.com/story/17316800/storms-cause-flash-flooding,62,https://californiafloodinsurance.com/flash-flooding-problems-homeowners-businesses/,max-image-preview:large,Flash Flooding causes problems for homeowners and businesses,33
posts,210,flood-insurance-bakersfield-yuba-city-redding-stockton-merced-modesto-visalia,https://californiafloodinsurance.com/flood-insurance-bakersfield-yuba-city-redding-stockton-merced-modesto-visalia/,"Need for Flood Insurance in Bakersfield, Yuba City, Redding, Stockton, Merced, Modesto and Visalia - California Flood Insurance",127,"Need for Flood Insurance California Floods pose a severe threat to California, but only a few residents prefer to purchase coverage for insurance despite the fact that California flood insurance provides protection from devastation and destruction caused by natural hazards. In the absence of flood insurance in California, losses incurred can be catastrophic. California flood",377,https://californiafloodinsurance.com/flood-insurance-bakersfield-yuba-city-redding-stockton-merced-modesto-visalia/,max-image-preview:large,"Need for Flood Insurance in Bakersfield, Yuba City, Redding, Stockton, Merced, Modesto and Visalia",706
posts,284,flood-insurance-coverage,https://californiafloodinsurance.com/flood-insurance-coverage/,5 Floods and no flood insurance coverage - California Flood Insurance,69,You have to feel sorry for this elderly couple who appear to have lost it all.. but they have had 5 floods since 2005 and could not afford to carry the coverage. %CODE%,168,https://californiafloodinsurance.com/flood-insurance-coverage/,max-image-preview:large,5 Floods and no flood insurance coverage,63
posts,198,flood-insurance-mandatory-flood-zones,https://californiafloodinsurance.com/flood-insurance-mandatory-flood-zones/,Flood Insurance Mandatory In Flood Zones - California Flood Insurance,69,Just because you MUST carry Flood Insurance doesnt mean you have to pay more! http://www.waff.com/story/16612544/flood-insurance-mandatory-when-you-live-in-flood-zone,166,https://californiafloodinsurance.com/flood-insurance-mandatory-flood-zones/,max-image-preview:large,Flood Insurance Mandatory In Flood Zones,43
posts,133,flood-insurance-quote-relieve-stress-during-floods,https://californiafloodinsurance.com/flood-insurance-quote-relieve-stress-during-floods/,Flood Insurance Quote: Relieve Stress During Floods - California Flood Insurance,80,"Just a few inches of water entering your premises can cause massive damage to your property or create havoc in your home. Whether you live in a high risk area or low risk flood zone, you are vulnerable to flooding, which could cause loss of thousands of dollars, drain out your savings, or even leave",300,https://californiafloodinsurance.com/flood-insurance-quote-relieve-stress-during-floods/,max-image-preview:large,Flood Insurance Quote: Relieve Stress During Floods,519
posts,202,flood-insurance-sacramento-prepared-risk,https://californiafloodinsurance.com/flood-insurance-sacramento-prepared-risk/,Flood Insurance in Sacramento: Be Prepared for the Risk - California Flood Insurance,84,"Flood Insurance in Sacramento: Be Prepared for the Risk If you live in Sacramento, California, no one knows it better than you about the risk of flooding. A number of studies confirm the risk of catastrophic flooding in Sacramento. It is, therefore, rational to prepare yourself beforehand with the flood insurance so that when the",331,https://californiafloodinsurance.com/flood-insurance-sacramento-prepared-risk/,max-image-preview:large,Flood Insurance in Sacramento: Be Prepared for the Risk,602
posts,241706,flood-zone-map,https://californiafloodinsurance.com/flood-zone-map/,Flood Zone Map Changes - California Flood Insurance,51,,0,https://californiafloodinsurance.com/flood-zone-map/,max-image-preview:large,Flood Zone Map Changes,70
posts,242483,hiscox-flood-plus-comprehensive-flood-insurance-coverage,https://californiafloodinsurance.com/hiscox-flood-plus-comprehensive-flood-insurance-coverage/,Hiscox Flood Plus: Comprehensive Flood Insurance Coverage - California Flood Insurance,86,,0,https://californiafloodinsurance.com/hiscox-flood-plus-comprehensive-flood-insurance-coverage/,max-image-preview:large,Hiscox Flood Plus: Comprehensive Flood Insurance Coverage,366
posts,135,how-many-of-the-flood-claims-come-from-areas-that-dont-belong-to-flood-zone,https://californiafloodinsurance.com/how-many-of-the-flood-claims-come-from-areas-that-dont-belong-to-flood-zone/,How many of the flood claims come from areas that don’t belong to flood zone? - California Flood Insurance,106,,0,https://californiafloodinsurance.com/how-many-of-the-flood-claims-come-from-areas-that-dont-belong-to-flood-zone/,max-image-preview:large,How many of the flood claims come from areas that don’t belong to flood zone?,557
posts,242560,how-much-does-flood-insurance-cost,https://californiafloodinsurance.com/how-much-does-flood-insurance-cost/,Flood Insurance Cost in California (2026 Price Guide),53,"How much does flood insurance cost in California? See typical price ranges, what drives premiums, how Risk Rating 2.0 works, and why private flood often wins.",158,https://californiafloodinsurance.com/how-much-does-flood-insurance-cost/,max-image-preview:large,How Much Does Flood Insurance Cost in California?,1434
posts,242605,how-much-flood-insurance-is-required-by-lender,https://californiafloodinsurance.com/how-much-flood-insurance-is-required-by-lender/,How Much Flood Insurance Is Required by a Lender?,49,"How much flood insurance is required by a lender? Learn the ""lesser of"" rule, escrow, NFIP caps, and how private policies satisfy your California mortgage.",155,https://californiafloodinsurance.com/how-much-flood-insurance-is-required-by-lender/,max-image-preview:large,How Much Flood Insurance Is Required by a Lender?,1567
posts,242073,how-risk-rating-2-0-affects-federal-flood-insurance-policy-holders,https://californiafloodinsurance.com/how-risk-rating-2-0-affects-federal-flood-insurance-policy-holders/,How Risk Rating 2.0 Affects Federal Flood Insurance Policy Holders - California Flood Insurance,95,,0,https://californiafloodinsurance.com/how-risk-rating-2-0-affects-federal-flood-insurance-policy-holders/,max-image-preview:large,How Risk Rating 2.0 Affects Federal Flood Insurance Policy Holders,599
posts,129,is-flood-insurance-worth-purchasing,https://californiafloodinsurance.com/is-flood-insurance-worth-purchasing/,Is Flood Insurance Worth Purchasing? - California Flood Insurance,65,"Floods are the most common natural disasters that hit the United States. In fact, no part of the country is safe from the impact of floods. There is every chance that your home might also flood. In such a natural calamity, damage to life and property can be severe if your house isn’t covered under",298,https://californiafloodinsurance.com/is-flood-insurance-worth-purchasing/,max-image-preview:large,Is Flood Insurance Worth Purchasing?,504
posts,205,long-beach-ca-flood-insurance,https://californiafloodinsurance.com/long-beach-ca-flood-insurance/,Long Beach CA Flood Insurance - California Flood Insurance,58,"Flood insurance in Long Beach is important for property owners to safeguard themselves and their homes during a flood, which often finds itself struggling with inundation during rainy days. A major rainstorm breakout or sudden sea level rise can cause extreme flooding conditions in Long Beach, which means huge losses for homeowners. Flood insurance is",353,https://californiafloodinsurance.com/long-beach-ca-flood-insurance/,max-image-preview:large,Long Beach CA Flood Insurance,592
posts,242508,loss-of-use-coverage-in-flood-insurance,https://californiafloodinsurance.com/loss-of-use-coverage-in-flood-insurance/,Loss of Use Flood Insurance: NFIP vs Private,44,"Loss of use flood insurance pays living expenses after a flood. The NFIP excludes it, but many private flood policies cover ALE. See how CA homes qualify.",154,https://californiafloodinsurance.com/loss-of-use-coverage-in-flood-insurance/,max-image-preview:large,Does Flood Insurance Cover Loss of Use? What California Homeowners Need to Know,1592
posts,593,master-flood-policies-hoas,https://californiafloodinsurance.com/master-flood-policies-hoas/,HOA Master Flood Policy: RCBAP & Condo Coverage Guide,53,"An HOA master flood policy (NFIP RCBAP) covers the condo building, but unit owners still have gaps. See what's covered and private options for California HOAs.",159,https://californiafloodinsurance.com/master-flood-policies-hoas/,max-image-preview:large,"What Is an HOA Master Flood Policy, and What Does It Cover?",1579
posts,137,measure-your-damage-with-this-interactive-tool,https://californiafloodinsurance.com/measure-your-damage-with-this-interactive-tool/,Measure Your Damage With This Interactive Tool - California Flood Insurance,75,,0,https://californiafloodinsurance.com/measure-your-damage-with-this-interactive-tool/,max-image-preview:large,Measure Your Damage With This Interactive Tool,65
posts,242502,navigating-flood-zone-x,https://californiafloodinsurance.com/navigating-flood-zone-x/,Flood Zone X: Do You Need Flood Insurance in California? (2026),63,"Flood Zone X means lower risk — not no risk. See if you need flood insurance in Zone X, what it costs (it's cheap), and how to get a fast California quote.",155,https://californiafloodinsurance.com/navigating-flood-zone-x/,max-image-preview:large,Flood Zone X: Do You Need Flood Insurance in California?,1340
posts,252,sacramento-flood-insurance-location-location-location,https://californiafloodinsurance.com/sacramento-flood-insurance-location-location-location/,"Sacramento Flood Insurance – Location, Location, Location - California Flood Insurance",86,"Location, location, location, three rules of business that flooding does not follow. Floods can happen almost anywhere. They are not limited to coastal areas or to devastating tropical storms. Flooding happens in Sacramento too. In fact Sacramento is rich in history when comes to floods. Floods are the most common natural disaster. They happen more",350,https://californiafloodinsurance.com/sacramento-flood-insurance-location-location-location/,max-image-preview:large,"Sacramento Flood Insurance – Location, Location, Location",327
posts,207,san-diego-california-flood-insurance-resort-floods,https://californiafloodinsurance.com/san-diego-california-flood-insurance-resort-floods/,San Diego California Flood Insurance: Your Only Resort During Floods - California Flood Insurance,97,"When flooding hits your home, the first thing that strikes your mind is San Diego flood insurance. After all, insurance offers protection from financial devastation and destruction caused by floods. But if you still go with the theory that it never rains in California and continue to avoid buying a flood insurance policy, you might",333,https://californiafloodinsurance.com/san-diego-california-flood-insurance-resort-floods/,max-image-preview:large,San Diego California Flood Insurance: Your Only Resort During Floods,511
posts,231,san-diego-flood-insurance-rate-decrease,https://californiafloodinsurance.com/san-diego-flood-insurance-rate-decrease/,San Diego Flood Insurance rate decrease - California Flood Insurance,68,"New rates for some San Diego residents. However, we can save you even MORE than this with our lender approved program. call now and start saving! Residents in the unincorporated areas of the County are now eligible for another 5 percent reduction in flood insurance rates, thanks to the efforts of County Watershed Protection staff.",332,https://californiafloodinsurance.com/san-diego-flood-insurance-rate-decrease/,max-image-preview:large,San Diego Flood Insurance rate decrease,429
posts,273,sandy-flood-vicitms,https://californiafloodinsurance.com/sandy-flood-vicitms/,Obama signs bill for Sandy Flood Insurance vicitms - California Flood Insurance,79,"President Obamahas signed into law a $9.7 billion bill to pay flood insurance claims from Superstorm Sandy. The law increases the borrowing authority of the Federal Emergency Management Agency. FEMA had warned that it was set to run out of money without additional dollars from Congress. The White House said more than 100,000 flood claim",338,https://californiafloodinsurance.com/sandy-flood-vicitms/,max-image-preview:large,Obama signs bill for Sandy Flood Insurance vicitms,153
posts,255,thousands-recommended-flood-insurance-sacramento,https://californiafloodinsurance.com/thousands-recommended-flood-insurance-sacramento/,Thousands go without recommended flood insurance in Sacramento - California Flood Insurance,91,Thousands go without Flood Insurance This is from 2010 but the story is the same. Too many will risk going without coverage for flood insurance until its too late. Try our lower rates today. We have private insurance carriers that offer better rates than the National Flood Insurance program. its quick and easy.. just fill,323,https://californiafloodinsurance.com/thousands-recommended-flood-insurance-sacramento/,max-image-preview:large,Thousands go without recommended flood insurance in Sacramento,100
posts,242496,understanding-base-flood-elevation-bfe,https://californiafloodinsurance.com/understanding-base-flood-elevation-bfe/,Base Flood Elevation (BFE): A California Homeowner's Guide,58,"What is base flood elevation? Learn how BFE is measured, why your Elevation Certificate matters, and how your home's height vs. BFE drives California rates.",156,https://californiafloodinsurance.com/understanding-base-flood-elevation-bfe/,max-image-preview:large,What Is Base Flood Elevation (BFE)?,1672
posts,462,valet-parking-flood-zone,https://californiafloodinsurance.com/valet-parking-flood-zone/,Valet Parking in Flood Zone - California Flood Insurance,56,Not sure what this is exactly supposed to be but thought it was pretty funny. Maybe not so funny if your car in parked in the ocean..,133,https://californiafloodinsurance.com/valet-parking-flood-zone/,max-image-preview:large,Valet Parking in Flood Zone,53
posts,242581,what-does-flood-insurance-not-cover,https://californiafloodinsurance.com/what-does-flood-insurance-not-cover/,What Does Flood Insurance Not Cover? (2026 Guide),49,"What does flood insurance not cover? See key NFIP exclusions—living expenses, basements, pools, vehicles—and how private flood policies close the gaps in CA.",157,https://californiafloodinsurance.com/what-does-flood-insurance-not-cover/,max-image-preview:large,What Does Flood Insurance Not Cover?,1511
posts,242569,when-is-flood-insurance-required,https://californiafloodinsurance.com/when-is-flood-insurance-required/,When Is Flood Insurance Required? CA Rules (2026),49,"When is flood insurance required in California? With a federally backed mortgage on a high-risk SFHA home, it's mandatory. See the rules and exceptions.",152,https://californiafloodinsurance.com/when-is-flood-insurance-required/,max-image-preview:large,When Is Flood Insurance Required in California?,1645
posts,242588,which-flood-zone-requires-flood-insurance,https://californiafloodinsurance.com/which-flood-zone-requires-flood-insurance/,Which Flood Zone Requires Flood Insurance? (CA Guide),53,"Which flood zone requires flood insurance? FEMA zones A, AE, AH, AO, V, and VE require coverage with a federal mortgage. See the full California zone breakdown.",160,https://californiafloodinsurance.com/which-flood-zone-requires-flood-insurance/,max-image-preview:large,Which Flood Zone Requires Flood Insurance?,1696
posts,305,why-are-you-paying-for-everyones-flood-insurance,https://californiafloodinsurance.com/why-are-you-paying-for-everyones-flood-insurance/,Why are you paying for everyones flood insurance? - California Flood Insurance,78,You and I are paying for everyones Flood Insurance Premiums..really you are!,76,https://californiafloodinsurance.com/why-are-you-paying-for-everyones-flood-insurance/,max-image-preview:large,Why are you paying for everyones flood insurance?,73
posts,131,why-flood-insurance-can-be-costly-if-you-dont-have-it,https://californiafloodinsurance.com/why-flood-insurance-can-be-costly-if-you-dont-have-it/,Why Flood insurance Can Be Costly If You Don’t Have It - California Flood Insurance,83,"If you have Homeowner’s Insurance or do not live near a river body, you might think you are protected from floods. However, according to the Federal Emergency Management Agency report, every home is at the risk of flooding. In fact, about 25 percent of flood damages occur in low to moderate risk zones. Floods have",315,https://californiafloodinsurance.com/why-flood-insurance-can-be-costly-if-you-dont-have-it/,max-image-preview:large,Why Flood insurance Can Be Costly If You Don’t Have It,532
posts,482,why-more-homeowners-should-buy-flood-insurance,https://californiafloodinsurance.com/why-more-homeowners-should-buy-flood-insurance/,Why more homeowners should buy flood insurance - California Flood Insurance,75,"For many folks in Texas, hurricane season started early. Last week severe rain storms unleashed a torrent of water that triggered flash floods, causing rivers to swell over their banks, flooding homes and businesses. According to reports, over 1,400 homes and as many as 4,000 properties were damaged by flooding caused by those recent storms.",343,https://californiafloodinsurance.com/why-more-homeowners-should-buy-flood-insurance/,max-image-preview:large,Why more homeowners should buy flood insurance,125
