/30-day-countdown-to-the-2013-hurricane-season-begins-may-2/	/insights/
/assess-private-flood-insurance/	/nfip-alternatives/
/calflood-newstalk-kbkw-discussing-flood-insurance/	/insights/
/california-flood-preparedness-week-starts-now/	/insights/
/can-flood-insurance-be-sold-anywhere/	/nfip-alternatives/
/can-flood-insurance-drop-you/	/nfip-alternatives/
/changes-coming-fema-new-flood-bill/	/nfip-risk-rating-2-premium-increases/
/comparing-the-admitted-vs-non-admitted-insurance-markets/	/nfip-alternatives/
/congress-national-flood-insurance-program/	/nfip-risk-rating-2-premium-increases/
/couple-hit-with-44000-flood-insurance-premium/	/private-flood-insurance-cost/
/do-i-need-flood-insurance-coverage/	/lender-flood-insurance-requirements-over-250k/
/do-you-need-flood-insurance/	/lender-flood-insurance-requirements-over-250k/
/dont-roll-the-dice-on-flood-insurance/	/lender-flood-insurance-requirements-over-250k/
/excess-flood-insurance-commonplae-lenders/	/nfip-alternatives/
/extending-national-flood-insurance-program-choppy-waters/	/private-flood-insurance-cost/
/fema-annouces-higher-expected-rate-increase-effective-april-2015/	/private-flood-insurance-cost/
/fema-head-says-flood-insurance-rates-going-up/	/private-flood-insurance-cost/
/flash-flooding-problems-homeowners-businesses/	/insights/
/flood-insurance-bakersfield-yuba-city-redding-stockton-merced-modesto-visalia/	/insights/
/flood-insurance-coverage/	/flood-coverage-gaps/
/flood-insurance-mandatory-flood-zones/	/high-risk-flood-insurance/
/flood-insurance-quote-relieve-stress-during-floods/	/private-flood-insurance-cost/
/flood-insurance-sacramento-prepared-risk/	/insights/
/flood-zone-map/	/high-risk-flood-insurance/
/hiscox-flood-plus-comprehensive-flood-insurance-coverage/	/flood-coverage-gaps/
/how-many-of-the-flood-claims-come-from-areas-that-dont-belong-to-flood-zone/	/high-risk-flood-insurance/
/how-much-does-flood-insurance-cost/	/private-flood-insurance-cost/
/how-much-does-flood-insurance-cost-2/	/private-flood-insurance-cost/
/how-risk-rating-2-0-affects-federal-flood-insurance-policy-holders/	/nfip-risk-rating-2-premium-increases/
/is-flood-insurance-worth-purchasing/	/lender-flood-insurance-requirements-over-250k/
/long-beach-ca-flood-insurance/	/insights/
/loss-of-use-coverage-in-flood-insurance/	/flood-coverage-gaps/
/master-flood-policies-hoas/	/homeowners-association-flood-insurance/
/measure-your-damage-with-this-interactive-tool/	/flood-coverage-gaps/
/navigating-flood-zone-x/	/high-risk-flood-insurance/
/sacramento-flood-insurance-location-location-location/	/insights/
/san-diego-california-flood-insurance-resort-floods/	/insights/
/san-diego-flood-insurance-rate-decrease/	/insights/
/sandy-flood-vicitms/	/insights/
/thousands-recommended-flood-insurance-sacramento/	/insights/
/understanding-base-flood-elevation-bfe/	/high-risk-flood-insurance/
/valet-parking-flood-zone/	/high-risk-flood-insurance/
/what-does-flood-insurance-not-cover/	/flood-coverage-gaps/
/when-is-flood-insurance-required/	/lender-flood-insurance-requirements-over-250k/
/which-flood-zone-requires-flood-insurance/	/high-risk-flood-insurance/
/why-are-you-paying-for-everyones-flood-insurance/	/lender-flood-insurance-requirements-over-250k/
/why-flood-insurance-can-be-costly-if-you-dont-have-it/	/private-flood-insurance-cost/
/why-more-homeowners-should-buy-flood-insurance/	/lender-flood-insurance-requirements-over-250k/
